{"max": [-0.2667, 0.3683, -0.2667], "centroid": [-1.0757021624685121, 0.2540990176322418, -1.080847365239283], "id": "1ef20a206e940a4bd79d7db7b8ed51c8", "numVertices": 794, "min": [-1.8669, 0.0, -1.9812]}
